 Notting Hill Gate,108,285,186
 Queensway,164,272,208
 Lancaster Gate,242,259,149
 Marble Arch,352,242,162
 Bond Street,410,236,28
 Oxford Circus,460,227,192
 Tottenham Court Road,527,213,259
 Holborn,597,204,126
 Chancery Lane,655,192,48
 St. Paul's,743,232,250
 Bank,797,245,13
 Liverpool Street,837,199,156
 Earl's Court,105,462,74
 Gloucester Road,197,437,99
 South Kensington,254,441,236
 Knightsbridge,338,363,146
 Hyde Park Corner,389,353,133
 Green Park,452,313,107
 Picadilly Circus,507,281,197
 Leicester Square,546,266,151
 Covent Garden,572,250,60
 Russell Square,568,145,233
 King's Cross St. Pancras,572,67,145
 Paddington,244,224,193
 Edgware Road,278,174,82
 Marylebone,323,151,163
 Baker Street,361,150,11
 Regent's Park,392,141,212
 Charing Cross,567,300,49
 Embankment,583,306,87
 Waterloo,633,344,279
 Lambeth North,650,390,148
 Elephant & Castle,723,438,84
 High Street Kensington,135,371,122
 Sloane Square,365,459,229
 Victoria,440,416,273
 St. James Park,511,387,248
 Westminster,563,371,285
 Temple,635,268,255
 Mansion House,764,259,161
 Cannon Street,786,266,44
 Tower Hill,874,281,263
 Aldgate,881,236,2
 Moorgate,797,192,167
 Barbican,738,173,14
 Farringdon,691,174,92
 Euston Square,496,117,90
 Great Portland Street,445,138,104
 Euston,509,94,89
 Warren Street,480,132,277
 Pimclo,515,490,198
 Vauxhall,563,522,272
 Bayswater,165,257,18
 Blackfriars,705,258,25
 Aldgate East,899,224,3
 Southwark,693,341,233
 London Bridge,811,328,157
 Goodge Street,505,172,102
 Angel,685,53,7
 Old Street,805,112,188
 Borough,760,372,29
